event,fight_date,fighter_a,fighter_b,weight_class,predicted_winner,confidence,actual_winner,winner_correct,market_implied_prob,model_edge,odds_favorite,model_agreed_with_market,method_predicted,method_prob,method_actual,method_correct,round_line,prob_under,actual_finish_round,went_early,round_correct,full_prediction_correct,flat_bet_return
UFC Fight Night: Evloev vs. Murphy,2026-03-21,Movsar Evloev,Lerone Murphy,Featherweight,Movsar Evloev,0.693,Movsar Evloev,1,0.500,+0.000,,,Decision,0.538,Decision,1,under_2_5,0.214,5,0,1,1,0.00
UFC Fight Night: Evloev vs. Murphy,2026-03-21,Luke Riley,Michael Aswell Jr.,Featherweight,Luke Riley,0.545,Luke Riley,1,0.500,+0.000,,,Decision,0.431,Decision,1,under_2_5,0.504,3,0,0,0,0.00
UFC Fight Night: Evloev vs. Murphy,2026-03-21,Sam Patterson,Michael Page,Welterweight,Michael Page,0.514,Michael Page,1,0.500,+0.000,,,Submission,0.399,Decision,0,under_2_5,0.956,3,0,0,0,0.00
UFC Fight Night: Evloev vs. Murphy,2026-03-21,Austen Lane,Iwo Baraniewski,Light Heavyweight,Iwo Baraniewski,0.720,Iwo Baraniewski,1,0.500,+0.000,,,KO_TKO,0.465,KO_TKO,1,under_2_5,0.762,1,1,1,1,0.00
UFC Fight Night: Evloev vs. Murphy,2026-03-21,Roman Dolidze,Christian Leroy Duncan,Middleweight,Christian Leroy Duncan,0.577,Christian Leroy Duncan,1,0.500,+0.000,,,Decision,0.533,Decision,1,under_2_5,0.196,3,0,1,1,0.00
UFC Fight Night: Evloev vs. Murphy,2026-03-21,Kurtis Campbell,Danny Silva,Featherweight,Danny Silva,0.555,Danny Silva,1,0.500,+0.000,,,Decision,0.407,KO_TKO,0,under_2_5,0.640,2,1,1,0,0.00
UFC Fight Night: Evloev vs. Murphy,2026-03-21,Mason Jones,Axel Sola,Lightweight,Mason Jones,0.666,Mason Jones,1,0.500,+0.000,,,KO_TKO,0.515,Decision,0,under_2_5,0.790,3,0,0,0,0.00
UFC Fight Night: Evloev vs. Murphy,2026-03-21,Losene Keita,Nathaniel Wood,Featherweight,Nathaniel Wood,0.689,Nathaniel Wood,1,0.500,+0.000,,,Decision,0.423,Decision,1,under_2_5,0.649,3,0,0,0,0.00
UFC Fight Night: Evloev vs. Murphy,2026-03-21,Felipe Franco,Mario Pinto,Heavyweight,Mario Pinto,0.508,Mario Pinto,1,0.500,+0.000,,,Decision,0.400,Decision,1,under_2_5,0.649,3,0,0,0,0.00
UFC Fight Night: Evloev vs. Murphy,2026-03-21,Mantas Kondratavicius,Antonio Trocoli,Middleweight,Mantas Kondratavicius,0.545,Mantas Kondratavicius,1,0.500,+0.000,,,Decision,0.418,Decision,1,under_2_5,0.650,3,0,0,0,0.00
UFC Fight Night: Evloev vs. Murphy,2026-03-21,Brando Pericic,Louie Sutherland,Heavyweight,Brando Pericic,0.942,Brando Pericic,1,0.500,+0.000,,,KO_TKO,0.644,KO_TKO,1,under_2_5,0.958,1,1,1,1,0.00
UFC Fight Night: Evloev vs. Murphy,2026-03-21,Shem Rock,Abdul-Kareem Al-Selwady,Lightweight,Shem Rock,0.731,Abdul-Kareem Al-Selwady,0,0.500,+0.000,,,KO_TKO,0.485,Decision,0,under_2_5,0.896,3,0,0,0,0.00
UFC Fight Night: Evloev vs. Murphy,2026-03-21,Shanelle Dyer,Ravena Oliveira,Women's Strawweight,Shanelle Dyer,0.550,Shanelle Dyer,1,0.500,+0.000,,,Decision,0.399,KO_TKO,0,under_2_5,0.642,2,1,1,0,0.00
UFC Fight Night: Emmett vs. Vallejos,2026-03-14,Josh Emmett,Kevin Vallejos,Featherweight,Kevin Vallejos,0.639,Kevin Vallejos,1,0.500,+0.000,,,Decision,0.529,KO_TKO,0,under_2_5,0.742,1,1,1,0,0.00
UFC Fight Night: Emmett vs. Vallejos,2026-03-14,Gillian Robertson,Amanda Lemos,Women's Strawweight,Gillian Robertson,0.625,Gillian Robertson,1,0.500,+0.000,,,Decision,0.546,Decision,1,under_2_5,0.824,3,0,0,0,0.00
UFC Fight Night: Emmett vs. Vallejos,2026-03-14,Jose Delgado,Andre Fili,Featherweight,Jose Delgado,0.578,Jose Delgado,1,0.500,+0.000,,,Decision,0.452,Decision,1,under_2_5,0.834,3,0,0,0,0.00
UFC Fight Night: Emmett vs. Vallejos,2026-03-14,Marwan Rahiki,Harry Hardwick,Featherweight,Marwan Rahiki,0.521,Marwan Rahiki,1,0.500,+0.000,,,Decision,0.397,KO_TKO,0,under_2_5,0.848,2,1,1,0,0.00
UFC Fight Night: Emmett vs. Vallejos,2026-03-14,Ion Cutelaba,Oumar Sy,Light Heavyweight,Oumar Sy,0.519,Ion Cutelaba,0,0.500,+0.000,,,Decision,0.535,Submission,0,under_2_5,0.819,1,1,1,0,0.00
UFC Fight Night: Emmett vs. Vallejos,2026-03-14,Bruno Silva,Charles Johnson,Flyweight,Charles Johnson,0.522,Charles Johnson,1,0.500,+0.000,,,KO_TKO,0.427,Decision,0,under_2_5,0.821,3,0,0,0,0.00
UFC Fight Night: Emmett vs. Vallejos,2026-03-14,Myktybek Orolbai,Chris Curtis,Welterweight,Myktybek Orolbai,0.739,Myktybek Orolbai,1,0.500,+0.000,,,Decision,0.525,Decision,1,under_2_5,0.824,3,0,0,0,0.00
UFC Fight Night: Emmett vs. Vallejos,2026-03-14,Steven Asplund,Vitor Petrino,Heavyweight,Vitor Petrino,0.519,Vitor Petrino,1,0.500,+0.000,,,Decision,0.461,Decision,1,under_2_5,0.850,3,0,0,0,0.00
UFC Fight Night: Emmett vs. Vallejos,2026-03-14,Elijah Smith,SuYoung You,Bantamweight,Elijah Smith,0.505,Elijah Smith,1,0.500,+0.000,,,Decision,0.514,Submission,0,under_2_5,0.777,2,1,1,0,0.00
UFC Fight Night: Emmett vs. Vallejos,2026-03-14,Bolaji Oki,Manoel Sousa,Lightweight,Manoel Sousa,0.529,Manoel Sousa,1,0.500,+0.000,,,Decision,0.417,KO_TKO,0,under_2_5,0.877,3,0,0,0,0.00
UFC Fight Night: Emmett vs. Vallejos,2026-03-14,Eryk Anders,Brad Tavares,Middleweight,Brad Tavares,0.623,Eryk Anders,0,0.500,+0.000,,,Decision,0.517,Decision,1,under_2_5,0.812,3,0,0,0,0.00
UFC Fight Night: Emmett vs. Vallejos,2026-03-14,Montse Rendon,Bia Mesquita,Women's Bantamweight,Bia Mesquita,0.536,Bia Mesquita,1,0.500,+0.000,,,Decision,0.444,Submission,0,under_2_5,0.872,1,1,1,0,0.00
UFC Fight Night: Emmett vs. Vallejos,2026-03-14,Hecher Sosa,Luan Lacerda,Bantamweight,Hecher Sosa,0.568,Hecher Sosa,1,0.500,+0.000,,,Decision,0.396,Decision,1,under_2_5,0.876,3,0,0,0,0.00
UFC Fight Night: Emmett vs. Vallejos,2026-03-14,Sam Hughes,Piera Rodriguez,Women's Strawweight,Sam Hughes,0.581,Piera Rodriguez,0,0.500,+0.000,,,Decision,0.404,Decision,1,under_2_5,0.872,3,0,0,0,0.00
UFC Fight Night: Adesanya vs. Pyfer,2026-03-28,Joe Pyfer,Israel Adesanya,Middleweight,Joe Pyfer,0.599,Joe Pyfer,1,0.500,+0.000,,,KO_TKO,0.530,KO_TKO,1,under_2_5,0.788,2,1,1,1,0.00
UFC Fight Night: Adesanya vs. Pyfer,2026-03-28,Maycee Barber,Alexa Grasso,Women's Flyweight,Maycee Barber,0.774,Alexa Grasso,0,0.500,+0.000,,,Decision,0.646,KO_TKO,0,under_2_5,0.075,1,1,0,0,0.00
UFC Fight Night: Adesanya vs. Pyfer,2026-03-28,Julian Erosa,Lerryan Douglas,Featherweight,Julian Erosa,0.715,Lerryan Douglas,0,0.500,+0.000,,,Decision,0.435,KO_TKO,0,under_2_5,0.892,1,1,1,0,0.00
UFC Fight Night: Adesanya vs. Pyfer,2026-03-28,Mansur Abdul-Malik,Yousri Belgaroui,Middleweight,Yousri Belgaroui,0.708,Yousri Belgaroui,1,0.500,+0.000,,,Decision,0.577,KO_TKO,0,under_2_5,0.314,3,0,1,0,0.00
UFC Fight Night: Adesanya vs. Pyfer,2026-03-28,Terrance McKinney,Kyle Nelson,Lightweight,Terrance McKinney,0.732,Terrance McKinney,1,0.500,+0.000,,,KO_TKO,0.526,KO_TKO,1,under_2_5,0.645,1,1,1,1,0.00
UFC Fight Night: Adesanya vs. Pyfer,2026-03-28,Tofiq Musayev,Ignacio Bahamondes,Lightweight,Tofiq Musayev,0.550,Tofiq Musayev,1,0.500,+0.000,,,Decision,0.557,Decision,1,under_2_5,0.349,3,0,1,1,0.00
UFC Fight Night: Adesanya vs. Pyfer,2026-03-28,Lance Gibson Jr.,Chase Hooper,Lightweight,Chase Hooper,0.804,Lance Gibson Jr.,0,0.500,+0.000,,,Decision,0.479,KO_TKO,0,under_2_5,0.692,1,1,1,0,0.00
UFC Fight Night: Adesanya vs. Pyfer,2026-03-28,Marcin Tybura,Tyrell Fortune,Heavyweight,Marcin Tybura,0.795,Tyrell Fortune,0,0.500,+0.000,,,Decision,0.569,Decision,1,under_2_5,0.252,3,0,1,0,0.00
UFC Fight Night: Adesanya vs. Pyfer,2026-03-28,Casey O'Neill,Gabriella Fernandes,Women's Flyweight,Casey O'Neill,0.713,Casey O'Neill,1,0.500,+0.000,,,Decision,0.446,KO_TKO,0,under_2_5,0.815,1,1,1,0,0.00
UFC Fight Night: Adesanya vs. Pyfer,2026-03-28,Bruno Lopes,Navajo Stirling,Light Heavyweight,Navajo Stirling,0.787,Navajo Stirling,1,0.500,+0.000,,,KO_TKO,0.478,KO_TKO,1,under_2_5,0.375,2,1,0,0,0.00
UFC Fight Night: Adesanya vs. Pyfer,2026-03-28,Adrian Yanez,Ricky Simon,Bantamweight,Ricky Simon,0.722,Ricky Simon,1,0.500,+0.000,,,Decision,0.435,Decision,1,under_2_5,0.840,3,0,0,0,0.00
UFC Fight Night: Adesanya vs. Pyfer,2026-03-28,Bruna Brasil,Alexia Thainara,Women's Strawweight,Alexia Thainara,0.769,Alexia Thainara,1,0.500,+0.000,,,KO_TKO,0.391,Decision,0,under_2_5,0.949,3,0,0,0,0.00
UFC Fight Night: Moicano vs. Duncan,2026-04-04,Renato Moicano,Chris Duncan,Lightweight,Chris Duncan,0.525,Renato Moicano,0,0.500,+0.000,,,Decision,0.551,Submission,0,under_2_5,0.511,2,1,1,0,0.00
UFC Fight Night: Moicano vs. Duncan,2026-04-04,Tabatha Ricci,Virna Jandiroba,Women's Strawweight,Tabatha Ricci,0.581,Virna Jandiroba,0,0.500,+0.000,,,Decision,0.480,Decision,1,under_2_5,0.182,3,0,1,0,0.00
UFC Fight Night: Moicano vs. Duncan,2026-04-04,Abdul Rakhman Yakhyaev,Brendson Ribeiro,Light Heavyweight,Abdul Rakhman Yakhyaev,0.900,Abdul Rakhman Yakhyaev,1,0.500,+0.000,,,KO_TKO,0.442,Submission,0,under_2_5,0.987,1,1,1,0,0.00
UFC Fight Night: Moicano vs. Duncan,2026-04-04,Ethyn Ewing,Rafael Estevam,Bantamweight,Ethyn Ewing,0.593,Ethyn Ewing,1,0.500,+0.000,,,Decision,0.591,KO_TKO,0,under_2_5,0.242,3,0,1,0,0.00
UFC Fight Night: Moicano vs. Duncan,2026-04-04,Tommy McMillen,Manolo Zecchini,Featherweight,Tommy McMillen,0.688,Tommy McMillen,1,0.500,+0.000,,,KO_TKO,0.518,KO_TKO,1,under_2_5,0.681,1,1,1,1,0.00
UFC Fight Night: Moicano vs. Duncan,2026-04-04,Robert Ruchala,Jose Delano,Featherweight,Jose Delano,0.505,Jose Delano,1,0.500,+0.000,,,Decision,0.492,Decision,1,under_2_5,0.457,3,0,1,1,0.00
UFC Fight Night: Moicano vs. Duncan,2026-04-04,Thomas Petersen,Guilherme Pat,Heavyweight,Guilherme Pat,0.547,Thomas Petersen,0,0.500,+0.000,,,Decision,0.405,Decision,1,under_2_5,0.916,3,0,0,0,0.00
UFC Fight Night: Moicano vs. Duncan,2026-04-04,Stewart Nicoll,Alessandro Costa,Flyweight,Alessandro Costa,0.872,Alessandro Costa,1,0.500,+0.000,,,KO_TKO,0.538,KO_TKO,1,under_2_5,0.966,2,1,1,1,0.00
UFC Fight Night: Moicano vs. Duncan,2026-04-04,Lando Vannata,Darrius Flowers,Lightweight,Lando Vannata,0.693,Darrius Flowers,0,0.500,+0.000,,,Decision,0.622,KO_TKO,0,under_2_5,0.059,2,1,0,0,0.00
UFC Fight Night: Moicano vs. Duncan,2026-04-04,Hailey Cowan,Alice Pereira,Women's Bantamweight,Hailey Cowan,0.526,Alice Pereira,0,0.500,+0.000,,,Decision,0.545,KO_TKO,0,under_2_5,0.278,2,1,0,0,0.00
UFC Fight Night: Moicano vs. Duncan,2026-04-04,Tresean Gore,Azamat Bekoev,Middleweight,Azamat Bekoev,0.598,Tresean Gore,0,0.500,+0.000,,,Decision,0.413,Submission,0,under_2_5,0.237,3,0,1,0,0.00
UFC Fight Night: Moicano vs. Duncan,2026-04-04,Melissa Gatto,Dione Barbosa,Women's Flyweight,Melissa Gatto,0.641,Dione Barbosa,0,0.500,+0.000,,,Decision,0.448,Decision,1,under_2_5,0.134,3,0,1,0,0.00
UFC 327: Prochazka vs. Ulberg,2026-04-11,Jiri Prochazka,Carlos Ulberg,Light Heavyweight,Carlos Ulberg,0.618,Carlos Ulberg,1,0.500,+0.000,,,Decision,0.562,KO_TKO,0,under_2_5,0.258,1,1,0,0,0.00
UFC 327: Prochazka vs. Ulberg,2026-04-11,Paulo Costa,Azamat Murzakanov,Light Heavyweight,Azamat Murzakanov,0.725,Paulo Costa,0,0.500,+0.000,,,Decision,0.482,KO_TKO,0,under_2_5,0.697,3,0,0,0,0.00
UFC 327: Prochazka vs. Ulberg,2026-04-11,Curtis Blaydes,Josh Hokit,Heavyweight,Josh Hokit,0.865,Josh Hokit,1,0.500,+0.000,,,KO_TKO,0.616,Decision,0,under_2_5,0.777,3,0,0,0,0.00
UFC 327: Prochazka vs. Ulberg,2026-04-11,Dominick Reyes,Johnny Walker,Light Heavyweight,Dominick Reyes,0.722,Dominick Reyes,1,0.500,+0.000,,,Decision,0.445,Decision,1,under_2_5,0.709,3,0,0,0,0.00
UFC 327: Prochazka vs. Ulberg,2026-04-11,Cub Swanson,Nate Landwehr,Featherweight,Cub Swanson,0.645,Cub Swanson,1,0.500,+0.000,,,Decision,0.636,KO_TKO,0,under_2_5,0.223,1,1,0,0,0.00
UFC 327: Prochazka vs. Ulberg,2026-04-11,Kevin Holland,Randy Brown,Welterweight,Randy Brown,0.533,Kevin Holland,0,0.500,+0.000,,,Decision,0.506,Decision,1,under_2_5,0.141,3,0,1,0,0.00
UFC 327: Prochazka vs. Ulberg,2026-04-11,Mateusz Gamrot,Esteban Ribovics,Lightweight,Mateusz Gamrot,0.745,Mateusz Gamrot,1,0.500,+0.000,,,Decision,0.423,Submission,0,under_2_5,0.554,2,1,1,0,0.00
UFC 327: Prochazka vs. Ulberg,2026-04-11,Tatiana Suarez,Loopy Godinez,Women's Strawweight,Tatiana Suarez,0.721,Tatiana Suarez,1,0.500,+0.000,,,Decision,0.555,Submission,0,under_2_5,0.224,2,1,0,0,0.00
UFC 327: Prochazka vs. Ulberg,2026-04-11,Kelvin Gastelum,Vicente Luque,Middleweight,Vicente Luque,0.676,Vicente Luque,1,0.500,+0.000,,,Decision,0.527,Submission,0,under_2_5,0.249,1,1,0,0,0.00
UFC Fight Night: Burns vs. Malott,2026-04-18,Gilbert Burns,Mike Malott,Welterweight,Mike Malott,0.572,Mike Malott,1,0.500,+0.000,,,Decision,0.480,KO_TKO,0,under_2_5,0.473,3,0,1,0,0.00
UFC Fight Night: Burns vs. Malott,2026-04-18,Charles Jourdain,Kyler Phillips,Bantamweight,Kyler Phillips,0.624,Charles Jourdain,0,0.500,+0.000,,,Decision,0.488,Decision,1,under_2_5,0.232,3,0,1,0,0.00
UFC Fight Night: Burns vs. Malott,2026-04-18,Mandel Nallo,Jai Herbert,Lightweight,Mandel Nallo,0.501,Jai Herbert,0,0.500,+0.000,,,Decision,0.561,KO_TKO,0,under_2_5,0.292,1,1,0,0,0.00
UFC Fight Night: Burns vs. Malott,2026-04-18,Karine Silva,Jasmine Jasudavicius,Women's Flyweight,Jasmine Jasudavicius,0.717,Jasmine Jasudavicius,1,0.500,+0.000,,,Decision,0.476,Decision,1,under_2_5,0.755,3,0,0,0,0.00
UFC Fight Night: Burns vs. Malott,2026-04-18,Gauge Young,Thiago Moises,Lightweight,Gauge Young,0.770,Gauge Young,1,0.500,+0.000,,,Decision,0.519,Decision,1,under_2_5,0.285,3,0,1,1,0.00
UFC Fight Night: Burns vs. Malott,2026-04-18,Marcio Barbosa,Dennis Buzukja,Featherweight,Marcio Barbosa,0.696,Marcio Barbosa,1,0.500,+0.000,,,Decision,0.490,KO_TKO,0,under_2_5,0.333,1,1,0,0,0.00
UFC Fight Night: Burns vs. Malott,2026-04-18,Robert Valentin,Julien Leblanc,Middleweight,Julien Leblanc,0.558,Robert Valentin,0,0.500,+0.000,,,Decision,0.462,Submission,0,under_2_5,0.581,1,1,1,0,0.00
UFC Fight Night: Burns vs. Malott,2026-04-18,Tanner Boser,Gokhan Saricam,Heavyweight,Tanner Boser,0.592,Gokhan Saricam,0,0.500,+0.000,,,KO_TKO,0.463,KO_TKO,1,under_2_5,0.612,2,1,1,0,0.00
UFC Fight Night: Burns vs. Malott,2026-04-18,Daria Zhelezniakova,Melissa Croden,Women's Bantamweight,Daria Zhelezniakova,0.538,Melissa Croden,0,0.500,+0.000,,,Decision,0.661,Decision,1,under_2_5,0.082,3,0,1,0,0.00
UFC Fight Night: Burns vs. Malott,2026-04-18,Jamey-Lyn Horth,JJ Aldrich,Women's Flyweight,Jamey-Lyn Horth,0.616,JJ Aldrich,0,0.500,+0.000,,,Decision,0.579,Decision,1,under_2_5,0.100,3,0,1,0,0.00
UFC Fight Night: Burns vs. Malott,2026-04-18,Mark Vologdin,John Castaneda,Catch Weight,John Castaneda,0.694,John Castaneda,1,0.500,+0.000,,,Decision,0.512,Decision,1,under_2_5,0.532,3,0,0,0,0.00
UFC Fight Night: Burns vs. Malott,2026-04-18,John Yannis,Jamie Siraj,Bantamweight,Jamie Siraj,0.500,John Yannis,0,0.500,+0.000,,,Decision,0.549,KO_TKO,0,under_2_5,0.290,1,1,0,0,0.00
UFC 328: Chimaev vs. Strickland,2026-05-09,Joshua Van,Tatsuro Taira,Flyweight,Joshua Van,0.691,Joshua Van,1,0.500,+0.000,,,Decision,0.584,KO_TKO,0,under_2_5,0.763,5,0,0,0,0.00
UFC Fight Night: Della Maddalena vs. Prates,2026-05-02,Jack Della Maddalena,Carlos Prates,Welterweight,Jack Della Maddalena,0.740,Carlos Prates,0,0.500,+0.000,,,Decision,0.463,KO_TKO,0,under_2_5,0.566,3,0,0,0,0.00
UFC Fight Night: Della Maddalena vs. Prates,2026-05-02,Beneil Dariush,Quillan Salkilld,Lightweight,Quillan Salkilld,0.900,Quillan Salkilld,1,0.500,+0.000,,,Decision,0.371,KO_TKO,0,under_2_5,0.825,1,1,1,0,0.00
UFC Fight Night: Della Maddalena vs. Prates,2026-05-02,Tim Elliott,Steve Erceg,Flyweight,Steve Erceg,0.530,Steve Erceg,1,0.500,+0.000,,,Decision,0.584,Decision,1,under_2_5,0.274,3,0,1,1,0.00
UFC Fight Night: Della Maddalena vs. Prates,2026-05-02,Marwan Rahiki,Ollie Schmid,Featherweight,Ollie Schmid,0.549,Marwan Rahiki,0,0.500,+0.000,,,KO_TKO,0.457,KO_TKO,1,under_2_5,0.490,1,1,0,0,0.00
UFC Fight Night: Della Maddalena vs. Prates,2026-05-02,Brando Pericic,Shamil Gaziev,Heavyweight,Brando Pericic,0.612,Brando Pericic,1,0.500,+0.000,,,Decision,0.542,KO_TKO,0,under_2_5,0.317,2,1,0,0,0.00
UFC Fight Night: Della Maddalena vs. Prates,2026-05-02,Louie Sutherland,Tai Tuivasa,Heavyweight,Louie Sutherland,0.584,Louie Sutherland,1,0.500,+0.000,,,KO_TKO,0.467,Decision,0,under_2_5,0.713,3,0,0,0,0.00
UFC Fight Night: Della Maddalena vs. Prates,2026-05-02,Cam Rowston,Robert Bryczek,Middleweight,Cam Rowston,0.620,Cam Rowston,1,0.500,+0.000,,,KO_TKO,0.538,Decision,0,under_2_5,0.716,3,0,0,0,0.00
UFC Fight Night: Della Maddalena vs. Prates,2026-05-02,Kevin Christian,Junior Tafa,Light Heavyweight,Junior Tafa,0.603,Junior Tafa,1,0.500,+0.000,,,KO_TKO,0.559,KO_TKO,1,under_2_5,0.821,1,1,1,1,0.00
UFC Fight Night: Della Maddalena vs. Prates,2026-05-02,Gerald Meerschaert,Jacob Malkoun,Middleweight,Jacob Malkoun,0.657,Jacob Malkoun,1,0.500,+0.000,,,Decision,0.479,Decision,1,under_2_5,0.275,3,0,1,1,0.00
UFC Fight Night: Della Maddalena vs. Prates,2026-05-02,Colby Thicknesse,Vince Morales,Bantamweight,Colby Thicknesse,0.553,Colby Thicknesse,1,0.500,+0.000,,,Decision,0.656,Decision,1,under_2_5,0.180,3,0,1,1,0.00
UFC Fight Night: Della Maddalena vs. Prates,2026-05-02,Wes Schultz,Ben Johnston,Middleweight,Wes Schultz,0.501,Wes Schultz,1,0.500,+0.000,,,KO_TKO,0.369,Submission,0,under_2_5,0.729,3,0,0,0,0.00
UFC Fight Night: Della Maddalena vs. Prates,2026-05-02,Jonathan Micallef,Themba Gorimbo,Welterweight,Themba Gorimbo,0.623,Jonathan Micallef,0,0.500,+0.000,,,Decision,0.433,Decision,1,under_2_5,0.685,3,0,0,0,0.00
UFC Fight Night: Della Maddalena vs. Prates,2026-05-02,Dom Mar Fan,Kody Steele,Lightweight,Dom Mar Fan,0.778,Kody Steele,0,0.500,+0.000,,,KO_TKO,0.588,Submission,0,under_2_5,0.471,1,1,0,0,0.00
UFC Fight Night: Allen vs. Costa,2026-05-16,Arnold Allen,Melquizael Costa,Featherweight,Melquizael Costa,0.733,Arnold Allen,0,0.500,+0.000,,,Decision,0.401,Decision,1,under_2_5,0.548,5,0,0,0,0.00
UFC Fight Night: Allen vs. Costa,2026-05-16,Dooho Choi,Daniel Santos,Featherweight,Dooho Choi,0.630,Dooho Choi,1,0.500,+0.000,,,Decision,0.530,KO_TKO,0,under_2_5,0.406,2,1,0,0,0.00
UFC Fight Night: Allen vs. Costa,2026-05-16,Malcolm Wellmaker,Juan Diaz,Bantamweight,Malcolm Wellmaker,0.504,Juan Diaz,0,0.500,+0.000,,,KO_TKO,0.536,Submission,0,under_2_5,0.616,2,1,1,0,0.00
UFC Fight Night: Allen vs. Costa,2026-05-16,Benardo Sopaj,Timmy Cuamba,Bantamweight,Benardo Sopaj,0.607,Benardo Sopaj,1,0.500,+0.000,,,Decision,0.535,Submission,0,under_2_5,0.421,2,1,0,0,0.00
UFC Fight Night: Allen vs. Costa,2026-05-16,Tuco Tokkos,Ivan Erslan,Light Heavyweight,Tuco Tokkos,0.601,Ivan Erslan,0,0.500,+0.000,,,Decision,0.533,Decision,1,under_2_5,0.371,3,0,1,0,0.00
UFC Fight Night: Allen vs. Costa,2026-05-16,Jacqueline Cavalcanti,Ketlen Vieira,Women's Bantamweight,Jacqueline Cavalcanti,0.717,Ketlen Vieira,0,0.500,+0.000,,,Decision,0.661,Decision,1,under_2_5,0.305,3,0,1,0,0.00
UFC Fight Night: Allen vs. Costa,2026-05-16,Andre Petroski,Cody Brundage,Middleweight,Andre Petroski,0.719,Cody Brundage,0,0.500,+0.000,,,Submission,0.496,KO_TKO,0,under_2_5,0.405,2,1,0,0,0.00
UFC Fight Night: Allen vs. Costa,2026-05-16,Alice Ardelean,Polyana Viana,Women's Strawweight,Alice Ardelean,0.658,Alice Ardelean,1,0.500,+0.000,,,Decision,0.416,Submission,0,under_2_5,0.596,2,1,1,0,0.00
UFC Fight Night: Allen vs. Costa,2026-05-16,Daniel Barez,Luis Gurule,Flyweight,Daniel Barez,0.536,Luis Gurule,0,0.500,+0.000,,,Decision,0.539,Decision,1,under_2_5,0.216,3,0,1,0,0.00
UFC Fight Night: Allen vs. Costa,2026-05-16,Nicolle Caliari,Shauna Bannon,Women's Strawweight,Shauna Bannon,0.762,Nicolle Caliari,0,0.500,+0.000,,,Decision,0.485,Submission,0,under_2_5,0.424,3,0,1,0,0.00
UFC Fight Night: Kape vs. Horiguchi,2026-06-20,Allan Nascimento,Mitch Raposo,Flyweight,Allan Nascimento,0.508,Mitch Raposo,0,0.500,+0.000,,,Decision,0.484,Decision,1,under_2_5,0.619,3,0,0,0,0.00
UFC Fight Night: Song vs. Figueiredo,2026-05-30,Deiveson Figueiredo,Song Yadong,Bantamweight,Song Yadong,0.535,Song Yadong,1,0.500,+0.000,,,Decision,0.512,Submission,0,under_2_5,0.378,2,1,0,0,0.00
UFC Fight Night: Song vs. Figueiredo,2026-05-30,Zhang Mingyang,Alonzo Menifield,Light Heavyweight,Alonzo Menifield,0.567,Alonzo Menifield,1,0.500,+0.000,,,KO_TKO,0.458,KO_TKO,1,under_2_5,0.653,1,1,1,1,0.00
UFC Fight Night: Song vs. Figueiredo,2026-05-30,Sergei Pavlovich,Tallison Teixeira,Heavyweight,Sergei Pavlovich,0.566,Sergei Pavlovich,1,0.500,+0.000,,,KO_TKO,0.483,KO_TKO,1,under_2_5,0.531,1,1,1,1,0.00
UFC Fight Night: Song vs. Figueiredo,2026-05-30,Kai Asakura,Cameron Smotherman,Bantamweight,Cameron Smotherman,0.555,Kai Asakura,0,0.500,+0.000,,,Decision,0.599,KO_TKO,0,under_2_5,0.263,1,1,0,0,0.00
UFC Fight Night: Song vs. Figueiredo,2026-05-30,Sumudaerji,Alex Perez,Flyweight,Sumudaerji,0.681,Alex Perez,0,0.500,+0.000,,,Decision,0.617,NC,0,under_2_5,0.275,2,0,1,0,0.00
UFC Fight Night: Song vs. Figueiredo,2026-05-30,Luis Felipe Dias,Yi Sak Lee,Middleweight,Luis Felipe Dias,0.571,Luis Felipe Dias,1,0.500,+0.000,,,Decision,0.539,KO_TKO,0,under_2_5,0.376,1,1,0,0,0.00
UFC Fight Night: Song vs. Figueiredo,2026-05-30,Jose Henrique,Ding Meng,Welterweight,Ding Meng,0.603,Jose Henrique,0,0.500,+0.000,,,Decision,0.521,Decision,1,under_2_5,0.408,3,0,1,0,0.00
UFC Fight Night: Song vs. Figueiredo,2026-05-30,Cody Haddon,Aoriqileng,Bantamweight,Cody Haddon,0.900,Cody Haddon,1,0.500,+0.000,,,Decision,0.588,KO_TKO,0,under_2_5,0.287,2,1,0,0,0.00
UFC Fight Night: Song vs. Figueiredo,2026-05-30,Xiong Jingnan,Angela Hill,Women's Strawweight,Xiong Jingnan,0.558,Angela Hill,0,0.500,+0.000,,,Decision,0.542,Decision,1,under_2_5,0.433,3,0,1,0,0.00
UFC Fight Night: Song vs. Figueiredo,2026-05-30,Loma Lookboonmee,Jaqueline Amorim,Women's Strawweight,Loma Lookboonmee,0.741,Jaqueline Amorim,0,0.500,+0.000,,,Decision,0.542,Submission,0,under_2_5,0.844,1,1,1,0,0.00
UFC Fight Night: Du Plessis vs. Usman,2026-07-18,Dricus Du Plessis,Kamaru Usman,Middleweight,Dricus Du Plessis,0.518,Dricus Du Plessis,1,0.500,+0.000,,,Decision,0.575,Decision,1,under_2_5,0.088,5,0,1,1,0.00
UFC Fight Night: Du Plessis vs. Usman,2026-07-18,Jared Cannonier,Christian Leroy Duncan,Middleweight,Christian Leroy Duncan,0.876,Christian Leroy Duncan,1,0.500,+0.000,,,Decision,0.446,Decision,1,under_2_5,0.698,3,0,0,0,0.00
UFC Fight Night: Du Plessis vs. Usman,2026-07-18,Chase Hooper,Mitch Ramirez,Lightweight,Chase Hooper,0.557,Chase Hooper,1,0.500,+0.000,,,Decision,0.443,Submission,0,under_2_5,0.945,1,1,1,0,0.00
UFC Fight Night: Du Plessis vs. Usman,2026-07-18,Tabatha Ricci,Fatima Kline,Women's Strawweight,Fatima Kline,0.635,Fatima Kline,1,0.500,+0.000,,,Decision,0.552,Decision,1,under_2_5,0.152,3,0,1,1,0.00
UFC Fight Night: Du Plessis vs. Usman,2026-07-18,Tommy McMillen,Alberto Montes,Featherweight,Tommy McMillen,0.562,Tommy McMillen,1,0.500,+0.000,,,Decision,0.464,KO_TKO,0,under_2_5,0.380,3,0,1,0,0.00
UFC Fight Night: Du Plessis vs. Usman,2026-07-18,Austin Bashi,Jose Delgado,Featherweight,Jose Delgado,0.562,Jose Delgado,1,0.500,+0.000,,,Decision,0.479,Decision,1,under_2_5,0.994,3,0,0,0,0.00
UFC Fight Night: Du Plessis vs. Usman,2026-07-18,Jean-Paul Lebosnoyani,Seokhyeon Ko,Welterweight,Seokhyeon Ko,0.526,Jean-Paul Lebosnoyani,0,0.500,+0.000,,,Decision,0.464,Decision,1,under_2_5,0.374,3,0,1,0,0.00
UFC Fight Night: Du Plessis vs. Usman,2026-07-18,Levi Rodrigues Jr.,Felipe Franco,Light Heavyweight,Levi Rodrigues Jr.,0.534,Felipe Franco,0,0.500,+0.000,,,KO_TKO,0.564,KO_TKO,1,under_2_5,0.989,2,1,1,0,0.00
UFC Fight Night: Du Plessis vs. Usman,2026-07-18,Ezra Elliott,Damien Anderson,Featherweight,Damien Anderson,0.541,Ezra Elliott,0,0.500,+0.000,,,Decision,0.513,Decision,1,under_2_5,0.321,3,0,1,0,0.00
UFC Fight Night: Du Plessis vs. Usman,2026-07-18,Alden Coria,Stewart Nicoll,Flyweight,Alden Coria,0.693,Alden Coria,1,0.500,+0.000,,,Decision,0.472,Decision,1,under_2_5,0.786,3,0,0,0,0.00
UFC Fight Night: Du Plessis vs. Usman,2026-07-18,RJ Harris,Alvin Hines,Heavyweight,Alvin Hines,0.559,RJ Harris,0,0.500,+0.000,,,Decision,0.513,KO_TKO,0,under_2_5,0.314,1,1,0,0,0.00
UFC Fight Night: Du Plessis vs. Usman,2026-07-18,Anna Melisano,Dione Barbosa,Women's Flyweight,Dione Barbosa,0.665,Dione Barbosa,1,0.500,+0.000,,,Decision,0.419,Submission,0,under_2_5,0.980,1,1,1,0,0.00
UFC Fight Night: Ankalaev vs. Guskov,2026-07-25,Bogdan Guskov,Magomed Ankalaev,Light Heavyweight,Magomed Ankalaev,0.548,Magomed Ankalaev,1,0.500,+0.000,,,Decision,0.441,Decision,1,under_2_5,0.912,5,0,0,0,0.00
UFC Fight Night: Ankalaev vs. Guskov,2026-07-25,Steve Erceg,Ramazan Temirov,Flyweight,Steve Erceg,0.619,Steve Erceg,1,0.500,+0.000,,,Decision,0.457,Decision,1,under_2_5,0.954,5,0,0,0,0.00
UFC Fight Night: Ankalaev vs. Guskov,2026-07-25,Damian Rzepecki,Magomed Zaynukov,Lightweight,Damian Rzepecki,0.541,Magomed Zaynukov,0,0.500,+0.000,,,Decision,0.513,Decision,1,under_2_5,0.321,5,0,1,0,0.00
UFC Fight Night: Ankalaev vs. Guskov,2026-07-25,Tyrell Fortune,Rizvan Kuniev,Heavyweight,Rizvan Kuniev,0.638,Rizvan Kuniev,1,0.500,+0.000,,,Decision,0.472,Decision,1,under_2_5,0.714,5,0,0,0,0.00
UFC Fight Night: Ankalaev vs. Guskov,2026-07-25,Saygid Izagakhmaev,Abubakar Vagaev,Welterweight,Saygid Izagakhmaev,0.546,Abubakar Vagaev,0,0.500,+0.000,,,Decision,0.507,Decision,1,under_2_5,0.886,5,0,0,0,0.00
UFC Fight Night: Ankalaev vs. Guskov,2026-07-25,Thomas Petersen,Valter Walker,Heavyweight,Valter Walker,0.536,Valter Walker,1,0.500,+0.000,,,Decision,0.592,Decision,1,under_2_5,0.069,5,0,1,1,0.00
UFC Fight Night: Ankalaev vs. Guskov,2026-07-25,Muhammad Said,Dustin Jacoby,Light Heavyweight,Dustin Jacoby,0.710,Dustin Jacoby,1,0.500,+0.000,,,Decision,0.490,Decision,1,under_2_5,0.554,5,0,0,0,0.00
UFC Fight Night: Ankalaev vs. Guskov,2026-07-25,Sam Patterson,Santiago Ponzinibbio,Welterweight,Sam Patterson,0.812,Santiago Ponzinibbio,0,0.500,+0.000,,,Submission,0.465,Decision,0,under_2_5,0.668,5,0,0,0,0.00
UFC Fight Night: Ankalaev vs. Guskov,2026-07-25,Ismael Bonfim,Axel Sola,Lightweight,Axel Sola,0.709,Axel Sola,1,0.500,+0.000,,,Decision,0.573,Submission,0,under_2_5,0.586,1,1,1,0,0.00
UFC Fight Night: Ankalaev vs. Guskov,2026-07-25,Magomed Tuchalov,Brendson Ribeiro,Light Heavyweight,Magomed Tuchalov,0.580,Magomed Tuchalov,1,0.500,+0.000,,,Decision,0.457,Decision,1,under_2_5,0.825,3,0,0,0,0.00
UFC Fight Night: Ankalaev vs. Guskov,2026-07-25,Nurullo Aliev,Mike Davis,Lightweight,Nurullo Aliev,0.518,Nurullo Aliev,1,0.500,+0.000,,,Decision,0.436,Decision,1,under_2_5,0.399,3,0,1,1,0.00
UFC Fight Night: Ankalaev vs. Guskov,2026-07-25,Cody Gibson,Abdul Hussein,Bantamweight,Abdul Hussein,0.508,Abdul Hussein,1,0.500,+0.000,,,Decision,0.412,Submission,0,under_2_5,0.809,3,0,0,0,0.00
